{
  "baseline": {
    "top_1": {
      "MRR": 0.6,
      "Hit@1": 0.6,
      "total_samples": 100,
      "retrieval_time_seconds": 696.7931132316589
    },
    "top_3": {
      "MRR": 0.7033333333333335,
      "Hit@3": 0.82,
      "total_samples": 100,
      "retrieval_time_seconds": 696.7931132316589
    },
    "top_5": {
      "MRR": 0.7223333333333334,
      "Hit@5": 0.9,
      "total_samples": 100,
      "retrieval_time_seconds": 696.7931132316589
    },
    "top_10": {
      "MRR": 0.7283333333333334,
      "Hit@10": 0.94,
      "total_samples": 100,
      "retrieval_time_seconds": 696.7931132316589
    }
  },
  "prefilter": {
    "top_1": {
      "MRR": 0.45,
      "Hit@1": 0.45,
      "total_samples": 100,
      "retrieval_time_seconds": 716.3750064373016
    },
    "top_3": {
      "MRR": 0.54,
      "Hit@3": 0.64,
      "total_samples": 100,
      "retrieval_time_seconds": 716.3750064373016
    },
    "top_5": {
      "MRR": 0.556,
      "Hit@5": 0.71,
      "total_samples": 100,
      "retrieval_time_seconds": 716.3750064373016
    },
    "top_10": {
      "MRR": 0.5630000000000001,
      "Hit@10": 0.76,
      "total_samples": 100,
      "retrieval_time_seconds": 716.3750064373016
    }
  }
}