{
  "reranker": {
    "top_1": {
      "MRR": 0.45,
      "Hit@1": 0.45,
      "total_samples": 100,
      "retrieval_time_seconds": 1951.030919790268
    },
    "top_3": {
      "MRR": 0.54,
      "Hit@3": 0.64,
      "total_samples": 100,
      "retrieval_time_seconds": 1951.030919790268
    },
    "top_5": {
      "MRR": 0.556,
      "Hit@5": 0.71,
      "total_samples": 100,
      "retrieval_time_seconds": 1951.030919790268
    },
    "top_10": {
      "MRR": 0.5630000000000001,
      "Hit@10": 0.76,
      "total_samples": 100,
      "retrieval_time_seconds": 1951.030919790268
    }
  },
  "reranker_no_prefilter": {
    "top_1": {
      "MRR": 0.6,
      "Hit@1": 0.6,
      "total_samples": 100,
      "retrieval_time_seconds": 2530.087260723114
    },
    "top_3": {
      "MRR": 0.7033333333333335,
      "Hit@3": 0.82,
      "total_samples": 100,
      "retrieval_time_seconds": 2530.087260723114
    },
    "top_5": {
      "MRR": 0.7223333333333334,
      "Hit@5": 0.9,
      "total_samples": 100,
      "retrieval_time_seconds": 2530.087260723114
    },
    "top_10": {
      "MRR": 0.7283333333333334,
      "Hit@10": 0.94,
      "total_samples": 100,
      "retrieval_time_seconds": 2530.087260723114
    }
  }
}