{
  "prefilter": {
    "top_1": {
      "MRR": 0.46,
      "Hit@1": 0.46,
      "total_samples": 50,
      "retrieval_time_seconds": 263.61043429374695
    },
    "top_3": {
      "MRR": 0.5533333333333333,
      "Hit@3": 0.66,
      "total_samples": 50,
      "retrieval_time_seconds": 263.61043429374695
    },
    "top_5": {
      "MRR": 0.5763333333333333,
      "Hit@5": 0.76,
      "total_samples": 50,
      "retrieval_time_seconds": 263.61043429374695
    },
    "top_10": {
      "MRR": 0.585,
      "Hit@10": 0.82,
      "total_samples": 50,
      "retrieval_time_seconds": 263.61043429374695
    }
  }
}