{
  "baseline": {
    "top_1": {
      "MRR": 0.3333333333333333,
      "Hit@1": 0.3333333333333333,
      "total_samples": 3
    }
  },
  "prefilter": {
    "top_1": {
      "MRR": 0.3333333333333333,
      "Hit@1": 0.3333333333333333,
      "total_samples": 3
    }
  },
  "reranker": {
    "top_1": {
      "MRR": 0.3666666666666667,
      "Hit@1": 0.6666666666666666,
      "total_samples": 3
    }
  }
}