{
  "top_1": {
    "MRR": 0.8,
    "Hit@1": 0.8,
    "total_samples": 5,
    "retrieval_time_seconds": 114.6359977722168
  },
  "top_3": {
    "MRR": 0.9,
    "Hit@3": 1.0,
    "total_samples": 5,
    "retrieval_time_seconds": 114.6359977722168
  },
  "top_5": {
    "MRR": 0.9,
    "Hit@5": 1.0,
    "total_samples": 5,
    "retrieval_time_seconds": 114.6359977722168
  },
  "top_10": {
    "MRR": 0.9,
    "Hit@10": 1.0,
    "total_samples": 5,
    "retrieval_time_seconds": 114.6359977722168
  }
}