{
  "top_1": {
    "MRR": 0.3666666666666667,
    "Hit@1": 0.6666666666666666,
    "total_samples": 3
  }
}