{
  "top_1": {
    "MRR": 0.3333333333333333,
    "Hit@1": 0.3333333333333333,
    "total_samples": 3
  }
}