{
  "top_1": {
    "MRR": 0.6,
    "Hit@1": 0.6,
    "total_samples": 100,
    "retrieval_time_seconds": 2501.324197292328
  },
  "top_3": {
    "MRR": 0.7033333333333335,
    "Hit@3": 0.82,
    "total_samples": 100,
    "retrieval_time_seconds": 2501.324197292328
  },
  "top_5": {
    "MRR": 0.7223333333333334,
    "Hit@5": 0.9,
    "total_samples": 100,
    "retrieval_time_seconds": 2501.324197292328
  },
  "top_10": {
    "MRR": 0.7283333333333334,
    "Hit@10": 0.94,
    "total_samples": 100,
    "retrieval_time_seconds": 2501.324197292328
  }
}