{
  "top_1": {
    "MRR": 0.45,
    "Hit@1": 0.45,
    "total_samples": 100,
    "retrieval_time_seconds": 731.4987235069275
  },
  "top_3": {
    "MRR": 0.54,
    "Hit@3": 0.64,
    "total_samples": 100,
    "retrieval_time_seconds": 731.4987235069275
  },
  "top_5": {
    "MRR": 0.556,
    "Hit@5": 0.71,
    "total_samples": 100,
    "retrieval_time_seconds": 731.4987235069275
  },
  "top_10": {
    "MRR": 0.5630000000000001,
    "Hit@10": 0.76,
    "total_samples": 100,
    "retrieval_time_seconds": 731.4987235069275
  }
}