{
  "top_1": {
    "MRR": 1.0,
    "Hit@1": 1.0,
    "total_samples": 3,
    "retrieval_time_seconds": 55.17256569862366
  },
  "top_3": {
    "MRR": 1.0,
    "Hit@3": 1.0,
    "total_samples": 3,
    "retrieval_time_seconds": 55.17256569862366
  },
  "top_5": {
    "MRR": 1.0,
    "Hit@5": 1.0,
    "total_samples": 3,
    "retrieval_time_seconds": 55.17256569862366
  },
  "top_10": {
    "MRR": 1.0,
    "Hit@10": 1.0,
    "total_samples": 3,
    "retrieval_time_seconds": 55.17256569862366
  }
}